,mean_intensity,window_length,x,y,z
brk,122.9276,50.0,58.0,289.0,24.0
dpp,192.39461538461538,50.0,255.0,13.0,24.0
pmad,268.25659574468085,50.0,168.0,23.5,24.0
