index,shape-type,vertex-index,axis-0,axis-1,axis-2
0,path,0,45.0,1439.330398978048,281.1700373916574
0,path,1,45.0,1385.092819649938,576.4635248446963
0,path,2,45.0,1381.0752211811891,705.0266758446588
1,path,0,45.0,1248.8697143075437,303.1678948858396
1,path,1,45.0,1162.7751410986198,616.4564807294222
1,path,2,45.0,1162.6750214731546,715.9547797009342
