index,axis-0,axis-1,axis-2,label
0,35.0,1091.1752851230106,333.7931872763186,tail
1,35.0,1004.4257359661888,730.8392007248493,left fin
2,35.0,1107.8578907300919,1084.510439594969,right fin
3,35.0,1256.8748264603155,302.39868131548013,head
