index,axis-0,axis-1,axis-2,label
0,33.0,1171.941352118368,597.1797666075468,tail
1,33.0,881.0376584328753,903.001598430757,tail
