index,axis-0,axis-1,axis-2,label
0,33,1171.941352,597.1797666,tail
1,33,881.0376584,903.0015984,tail
2,21,1259.134917,581.4005245,left_fin
3,21,1006.039802,789.0683108,right_fin
4,21,1629.043161,853.964494,head
5,21,2044.653501,650.6607164,left_fin